collateral_id,loan_id,borrower_id,asset_type,appraised_value,collateral_quality
C000001,L000264,B00975,Plant,336927,High
C000002,L000135,B00086,Real Estate,369171,Medium
C000003,L000964,B00942,Vehicles,2607708,High
C000004,L001551,B00619,Receivables,736551,High
C000005,L000966,B00567,Solar Panels,494425,High
C000006,L001410,B00431,Receivables,134712,Low
C000007,L000732,B00579,Real Estate,30392373,Medium
C000008,L000490,B00350,Solar Panels,236731,High
C000009,L001103,B00015,Receivables,547129,High
C000010,L000549,B00322,Inventory,683980,High
C000011,L000524,B00510,Real Estate,40605,Medium
C000012,L000151,B00332,Receivables,225534,Medium
C000013,L001043,B00217,Real Estate,7475008,High
C000014,L001116,B00960,Solar Panels,3631787,High
C000015,L001509,B00530,Plant,152512,High
C000016,L000926,B00886,Inventory,63253,High
C000017,L001269,B00420,Vehicles,338002,Medium
C000018,L000510,B00506,Receivables,214907,Medium
C000019,L000816,B00378,Real Estate,1222721,Medium
C000020,L000969,B00792,Real Estate,829092,High
C000021,L000024,B00210,Receivables,1977302,High
C000022,L000026,B00902,Solar Panels,256711,High
C000023,L000639,B00107,Real Estate,8996623,Medium
C000024,L000038,B00957,Plant,1633342,High
C000025,L001458,B00901,Receivables,5106548,High
C000026,L000167,B00089,Plant,726713,Medium
C000027,L001395,B00394,Equipment,166383,Medium
C000028,L000807,B00759,Plant,531243,High
C000029,L001513,B00682,Solar Panels,781549,High
C000030,L001053,B00225,Inventory,349478,Low
C000031,L001115,B00396,Receivables,431869,High
C000032,L000571,B00957,Solar Panels,364997,Low
C000033,L001524,B00945,Real Estate,368726,Medium
C000034,L001094,B00619,Receivables,6822429,High
C000035,L000803,B00971,Inventory,126705,High
C000036,L001430,B00601,Inventory,149933,High
C000037,L000783,B00066,Inventory,223911,Medium
C000038,L001453,B00042,Receivables,83007,High
C000039,L000418,B00198,Solar Panels,727472,High
C000040,L001477,B00372,Vehicles,381776,High
C000041,L000114,B00728,Equipment,678246,Medium
C000042,L000960,B00116,Inventory,421308,High
C000043,L000043,B00645,Receivables,789388,Low
C000044,L000110,B00723,Plant,2302253,Medium
C000045,L000885,B00442,Vehicles,1409002,High
C000046,L001475,B00850,Receivables,407533,Medium
C000047,L000088,B00857,Receivables,2053501,High
C000048,L001392,B00484,Solar Panels,750756,High
C000049,L001433,B00667,Receivables,732998,High
C000050,L001481,B00252,Plant,1771492,Medium
C000051,L000578,B00582,Plant,839430,High
C000052,L000189,B00601,Equipment,258651,Medium
C000053,L000298,B00748,Plant,312678,High
C000054,L000206,B00444,Real Estate,38830,High
C000055,L000565,B00038,Receivables,398489,High
C000056,L000097,B00632,Inventory,343221,High
C000057,L000818,B00313,Equipment,311459,High
C000058,L000245,B00058,Real Estate,320702,Medium
C000059,L000826,B00220,Real Estate,3443877,High
C000060,L000932,B00400,Plant,571218,Medium
C000061,L000326,B00689,Equipment,573835,High
C000062,L000463,B00978,Receivables,687203,Low
C000063,L001389,B00160,Real Estate,42536274,Medium
C000064,L000559,B00334,Inventory,230473,Medium
C000065,L000607,B00341,Vehicles,3509713,Medium
C000066,L000117,B00458,Plant,468579,Medium
C000067,L001391,B00644,Plant,322668,High
C000068,L001312,B00284,Equipment,199979,High
C000069,L001538,B00430,Real Estate,787679,High
C000070,L001528,B00622,Real Estate,1216381,Medium
C000071,L001173,B00103,Inventory,303835,Medium
C000072,L001181,B00208,Inventory,607148,High
C000073,L000996,B00762,Plant,1010433,High
C000074,L000836,B00519,Equipment,197839,Low
C000075,L000369,B00399,Equipment,846411,High
C000076,L001555,B00971,Receivables,1124448,High
C000077,L000006,B00281,Inventory,45811,High
C000078,L000028,B00560,Equipment,190064,Medium
C000079,L000151,B00332,Solar Panels,263508,Medium
C000080,L000034,B00526,Equipment,393858,High
C000081,L001138,B00313,Vehicles,188874,High
C000082,L000796,B00625,Receivables,141696,High
C000083,L000678,B00896,Plant,155910,High
C000084,L000485,B00373,Real Estate,183281,High
C000085,L000489,B00462,Vehicles,221276,Medium
C000086,L000760,B00082,Real Estate,979033,High
C000087,L001088,B00116,Solar Panels,1806901,High
C000088,L001297,B00138,Vehicles,1963992,High
C000089,L000017,B00385,Receivables,840170,Medium
C000090,L000248,B00596,Real Estate,91238,Low
C000091,L001202,B00717,Real Estate,147049,Medium
C000092,L000338,B00395,Real Estate,1068036,Medium
C000093,L000486,B00744,Solar Panels,179063,High
C000094,L000748,B00279,Equipment,45978,High
C000095,L000538,B00821,Inventory,1576830,High
C000096,L000410,B00970,Plant,585080,Low
C000097,L001551,B00619,Inventory,1538494,Medium
C000098,L001426,B00797,Receivables,28722,High
C000099,L000230,B00733,Receivables,137279,Medium
C000100,L000383,B00248,Vehicles,470398,High
C000101,L001277,B00504,Solar Panels,733470,Medium
C000102,L000089,B00767,Equipment,861676,Low
C000103,L000950,B00759,Inventory,497421,Low
C000104,L001010,B00342,Inventory,1519372,Medium
C000105,L000528,B00546,Plant,200995,High
C000106,L001291,B00859,Receivables,263290,Low
C000107,L000090,B00518,Inventory,4966173,High
C000108,L001141,B00132,Receivables,5268306,High
C000109,L000585,B00506,Inventory,115600,High
C000110,L000186,B00353,Real Estate,473964,Medium
C000111,L001292,B00432,Receivables,192075,High
C000112,L001123,B00818,Receivables,22022793,High
C000113,L001289,B00089,Inventory,1578551,Medium
C000114,L000581,B00681,Plant,256032,Medium
C000115,L001561,B00313,Inventory,278996,High
C000116,L000832,B00253,Equipment,262840,Low
C000117,L001223,B00229,Plant,96144,Medium
C000118,L000306,B00303,Real Estate,3279276,Medium
C000119,L001014,B00942,Real Estate,228180,High
C000120,L000835,B00039,Vehicles,3120106,High
C000121,L000837,B00684,Real Estate,153872,Medium
C000122,L000286,B00969,Inventory,12929986,Medium
C000123,L000063,B00107,Vehicles,1093291,High
C000124,L000920,B00117,Plant,61281,Medium
C000125,L001552,B00581,Vehicles,2573970,Low
C000126,L000832,B00253,Real Estate,140087,High
C000127,L000724,B00057,Plant,504117,Low
C000128,L000750,B00782,Receivables,2870462,High
C000129,L000146,B00232,Inventory,1269797,Low
C000130,L001395,B00394,Real Estate,237395,High
C000131,L000472,B00912,Solar Panels,244518,Medium
C000132,L000185,B00448,Vehicles,58185,Medium
C000133,L000193,B00085,Inventory,37383,High
C000134,L000711,B00696,Receivables,209906,High
C000135,L000127,B00279,Inventory,215902,High
C000136,L000524,B00510,Inventory,41279,High
C000137,L000503,B00733,Receivables,572225,High
C000138,L000906,B00590,Receivables,360288,High
C000139,L001454,B00906,Vehicles,518465,Low
C000140,L001499,B00514,Solar Panels,170393,High
C000141,L000199,B00052,Solar Panels,390791,Medium
C000142,L001423,B00347,Vehicles,468281,Medium
C000143,L000654,B00394,Solar Panels,453650,Medium
C000144,L001173,B00103,Solar Panels,123264,High
C000145,L001317,B00953,Receivables,265751,Medium
C000146,L001089,B00897,Vehicles,193556,High
C000147,L001523,B00158,Inventory,130326,Medium
C000148,L000829,B00661,Receivables,1036960,High
C000149,L000677,B00949,Vehicles,211626,Low
C000150,L001135,B00982,Equipment,567467,High
C000151,L000661,B00879,Solar Panels,4014017,Medium
C000152,L000541,B00951,Solar Panels,147096,Medium
C000153,L000943,B00968,Vehicles,431096,Medium
C000154,L000015,B00612,Inventory,2987915,Medium
C000155,L000101,B00538,Plant,63582,High
C000156,L000498,B00122,Solar Panels,94299,Medium
C000157,L000971,B00048,Plant,510236,Medium
C000158,L001111,B00251,Inventory,95842,High
C000159,L000013,B00147,Plant,490342,Medium
C000160,L001155,B00725,Equipment,306765,High
C000161,L001236,B00049,Inventory,543125,High
C000162,L000496,B00416,Equipment,23444,High
C000163,L000295,B00922,Solar Panels,691313,Medium
C000164,L001431,B00881,Vehicles,101208,High
C000165,L001398,B00455,Equipment,307270,High
C000166,L000830,B00268,Inventory,7209,High
C000167,L000382,B00481,Plant,31818,Medium
C000168,L000274,B00818,Inventory,17222737,High
C000169,L000336,B00574,Plant,145910,High
C000170,L000943,B00968,Vehicles,3441652,Medium
C000171,L001216,B00021,Solar Panels,622129,High
C000172,L000339,B00042,Vehicles,748232,Medium
C000173,L000485,B00373,Receivables,383571,Low
C000174,L000327,B00588,Equipment,350791,Medium
C000175,L000693,B00804,Solar Panels,48528171,High
C000176,L000280,B00674,Equipment,260889,Medium
C000177,L000045,B00509,Receivables,308988,High
C000178,L001411,B00126,Real Estate,275040,High
C000179,L001264,B00509,Equipment,264276,High
C000180,L000359,B00880,Receivables,295402,High
C000181,L000284,B00768,Equipment,466142,Low
C000182,L001014,B00942,Solar Panels,204996,High
C000183,L001211,B00496,Receivables,18391,High
C000184,L001246,B00923,Real Estate,487491,Medium
C000185,L000990,B00286,Inventory,456982,Medium
C000186,L000173,B00175,Inventory,246672,Medium
C000187,L001414,B00688,Inventory,615916,High
C000188,L000797,B00639,Real Estate,53279,Low
C000189,L000907,B00850,Inventory,191480,High
C000190,L001413,B00577,Receivables,3782805,Medium
C000191,L000414,B00928,Receivables,444604,Low
C000192,L000255,B00454,Real Estate,1467855,High
C000193,L000806,B00461,Plant,182471,High
C000194,L000504,B00318,Equipment,254810,Medium
C000195,L000378,B00405,Plant,724690,Medium
C000196,L001281,B00130,Solar Panels,71682,Medium
C000197,L000263,B00877,Vehicles,1088398,High
C000198,L000957,B00461,Equipment,186514,High
C000199,L000155,B00922,Vehicles,153952,Low
C000200,L001037,B00608,Solar Panels,4028188,Low
C000201,L000816,B00378,Vehicles,208690,Low
C000202,L001496,B00103,Vehicles,208699,High
C000203,L000908,B00895,Real Estate,153291,High
C000204,L000741,B00622,Real Estate,152425,High
C000205,L000071,B00961,Inventory,66448,Medium
C000206,L000348,B00724,Receivables,531537,Medium
C000207,L000624,B00443,Equipment,1599991,Medium
C000208,L000174,B00831,Solar Panels,299807,Medium
C000209,L001312,B00284,Vehicles,224390,Medium
C000210,L000610,B00946,Solar Panels,454554,High
C000211,L001016,B00778,Inventory,3084646,High
C000212,L001328,B00385,Plant,178809,High
C000213,L001554,B00990,Inventory,270972,Medium
C000214,L000877,B00767,Vehicles,633471,High
C000215,L000761,B00389,Receivables,128619,Low
C000216,L000881,B00475,Plant,354472,High
C000217,L000082,B00897,Equipment,526164,Medium
C000218,L000391,B00844,Plant,3790871,Medium
C000219,L000731,B00055,Solar Panels,95342,Medium
C000220,L000827,B00311,Plant,999409,High
C000221,L000844,B00750,Solar Panels,469000,High
C000222,L001175,B00051,Vehicles,23894063,High
C000223,L001219,B00941,Vehicles,527668,Medium
C000224,L000428,B00651,Real Estate,256221,Medium
C000225,L000446,B00625,Receivables,262682,Medium
C000226,L001169,B00638,Solar Panels,773729,Medium
C000227,L001177,B00753,Plant,150297,Medium
C000228,L000569,B00426,Plant,305509,Low
C000229,L000159,B00281,Inventory,272714,Medium
C000230,L001447,B00312,Receivables,6557311,High
C000231,L001207,B00908,Solar Panels,789956,Medium
C000232,L000646,B00989,Plant,20511319,High
C000233,L000578,B00582,Receivables,362473,Medium
C000234,L001356,B00153,Equipment,969707,High
C000235,L000854,B00844,Plant,635357,Low
C000236,L000608,B00202,Equipment,35603,High
C000237,L001527,B00390,Equipment,265363,Low
C000238,L000527,B00574,Vehicles,245677,High
C000239,L000207,B00250,Equipment,3282238,Medium
C000240,L001200,B00184,Solar Panels,85162,Low
C000241,L001093,B00132,Plant,265083,Medium
C000242,L001353,B00622,Plant,15711,Low
C000243,L000675,B00533,Receivables,100219,High
C000244,L000696,B00887,Equipment,329776,High
C000245,L000009,B00009,Solar Panels,93790,High
C000246,L001403,B00398,Vehicles,56488,High
C000247,L001432,B00659,Equipment,82503,High
C000248,L000396,B00428,Plant,889990,Medium
C000249,L001088,B00116,Solar Panels,2851921,Low
C000250,L001020,B00237,Inventory,573667,High
C000251,L001305,B00415,Equipment,151270,High
C000252,L001465,B00235,Vehicles,28094230,Medium
C000253,L001426,B00797,Vehicles,145934,High
C000254,L001052,B00643,Plant,988393,Medium
C000255,L000290,B00532,Equipment,2406099,High
C000256,L001077,B00928,Solar Panels,499388,Medium
C000257,L000990,B00286,Real Estate,823577,High
C000258,L001120,B00638,Plant,67709,High
C000259,L000795,B00401,Receivables,1125816,High
C000260,L001429,B00060,Real Estate,5006,Low
C000261,L000410,B00970,Solar Panels,333390,Medium
C000262,L001179,B00116,Solar Panels,1743257,High
C000263,L000627,B00957,Vehicles,2285787,Medium
C000264,L001178,B00767,Receivables,2478684,Medium
C000265,L000556,B00636,Vehicles,2288806,High
C000266,L001392,B00484,Inventory,991097,Medium
C000267,L001407,B00048,Vehicles,849717,Medium
C000268,L001162,B00687,Plant,360654,Medium
C000269,L000395,B00555,Solar Panels,1285243,Medium
C000270,L000008,B00855,Plant,498039,Medium
C000271,L000911,B00440,Equipment,152269,High
C000272,L000245,B00058,Real Estate,279153,Medium
C000273,L000122,B00992,Receivables,244341,Low
C000274,L000855,B00958,Real Estate,77503,High
C000275,L000272,B00525,Real Estate,368123,High
C000276,L000661,B00879,Inventory,6833296,Low
C000277,L001501,B00705,Vehicles,39569,Medium
C000278,L000833,B00335,Inventory,72124,High
C000279,L001363,B00901,Receivables,3940450,Low
C000280,L000661,B00879,Inventory,14590244,Medium
C000281,L000735,B00693,Vehicles,3857180,High
C000282,L000353,B00952,Inventory,150600,Medium
C000283,L000563,B00502,Real Estate,10146969,High
C000284,L000792,B00701,Receivables,5000,High
C000285,L001068,B00528,Plant,1478431,Medium
C000286,L001088,B00116,Plant,2164836,High
C000287,L001400,B00266,Real Estate,292687,High
C000288,L000850,B00809,Vehicles,387869,High
C000289,L000666,B00780,Real Estate,5909956,High
C000290,L000526,B00549,Plant,449975,High
C000291,L000141,B00446,Plant,224410,Medium
C000292,L001253,B00119,Vehicles,1717877,Low
C000293,L000011,B00608,Equipment,5018514,Medium
C000294,L000414,B00928,Equipment,613389,Medium
C000295,L001095,B00169,Vehicles,60719,High
C000296,L000478,B00270,Plant,16160,High
C000297,L000963,B00473,Plant,243077,High
C000298,L000131,B00386,Vehicles,101694,High
C000299,L000503,B00733,Vehicles,863100,High
C000300,L001275,B00779,Inventory,127576,Medium
C000301,L000549,B00322,Equipment,853990,Low
C000302,L001050,B00499,Solar Panels,328962,High
C000303,L000356,B00233,Real Estate,982825,Medium
C000304,L000682,B00809,Solar Panels,496995,High
C000305,L001253,B00119,Solar Panels,2197135,Medium
C000306,L000063,B00107,Receivables,586100,Medium
C000307,L000570,B00932,Solar Panels,30985,High
C000308,L000552,B00262,Solar Panels,486173,Medium
C000309,L001196,B00313,Plant,248109,High
C000310,L000136,B00259,Plant,125310,Medium
C000311,L001222,B00097,Vehicles,590316,Low
C000312,L001180,B00982,Vehicles,1502039,High
C000313,L000559,B00334,Inventory,151377,Low
C000314,L001138,B00313,Inventory,271629,High
C000315,L000743,B00924,Vehicles,521266,Medium
C000316,L001079,B00331,Real Estate,308363,High
C000317,L000087,B00751,Vehicles,2452755,High
C000318,L001544,B00093,Plant,2437638,High
C000319,L001416,B00453,Vehicles,298959,High
C000320,L001044,B00583,Real Estate,205553,Medium
C000321,L001021,B00994,Solar Panels,485687,Medium
C000322,L000457,B00628,Receivables,88128,High
C000323,L000039,B00902,Inventory,349329,Medium
C000324,L001287,B00707,Plant,123620,Medium
C000325,L000288,B00255,Solar Panels,29574,Low
C000326,L000003,B00878,Equipment,421627,Medium
C000327,L000514,B00897,Inventory,1085192,High
C000328,L000091,B00848,Plant,909493,High
C000329,L000185,B00448,Inventory,42499,Low
C000330,L001230,B00011,Plant,212488,High
C000331,L001067,B00682,Inventory,1640727,Medium
C000332,L000036,B00621,Vehicles,455506,High
C000333,L000640,B00885,Equipment,539771,High
C000334,L000198,B00466,Receivables,1048284,Medium
C000335,L001362,B00025,Vehicles,107779,Medium
C000336,L001091,B00048,Vehicles,60314,Medium
C000337,L001249,B00759,Inventory,1274169,Low
C000338,L000233,B00348,Solar Panels,93634,High
C000339,L001052,B00643,Vehicles,725974,Medium
C000340,L001407,B00048,Receivables,1147093,Medium
C000341,L000413,B00428,Real Estate,1216132,Medium
C000342,L001546,B00773,Solar Panels,928295,High
C000343,L001242,B00403,Inventory,172973,Medium
C000344,L001065,B00582,Plant,249740,High
C000345,L001054,B00106,Plant,433115,Low
C000346,L000218,B00886,Receivables,215653,High
C000347,L000502,B00028,Solar Panels,68548,Medium
C000348,L000345,B00099,Vehicles,2327415,High
C000349,L001317,B00953,Inventory,325821,Medium
C000350,L000772,B00415,Solar Panels,503415,Medium
C000351,L000574,B00905,Equipment,735693,Medium
C000352,L000985,B00343,Inventory,466117,Low
C000353,L000430,B00506,Real Estate,76608,Medium
C000354,L000909,B00255,Equipment,253983,Medium
C000355,L000787,B00370,Vehicles,411845,High
C000356,L001210,B00570,Equipment,192321,Medium
C000357,L001316,B00221,Solar Panels,1561961,High
C000358,L000189,B00601,Plant,171282,Medium
C000359,L001566,B00966,Real Estate,208806,Medium
C000360,L001026,B00439,Equipment,55387961,High
C000361,L000301,B00035,Vehicles,15244670,Medium
C000362,L000697,B00878,Receivables,989257,High
C000363,L001276,B00031,Receivables,8305993,Medium
C000364,L000048,B00842,Vehicles,1441921,Low
C000365,L000483,B00279,Equipment,38379,Medium
C000366,L000296,B00490,Equipment,193860,Medium
C000367,L000244,B00338,Vehicles,69705,Medium
C000368,L001187,B00670,Real Estate,643060,Low
C000369,L000351,B00995,Equipment,141499,Medium
C000370,L001174,B00355,Real Estate,588027,High
C000371,L001563,B00606,Vehicles,799753,High
C000372,L000559,B00334,Plant,254119,Medium
C000373,L001111,B00251,Solar Panels,27901,Medium
C000374,L000114,B00728,Solar Panels,435618,Low
C000375,L000575,B00580,Plant,4218721,Medium
C000376,L000915,B00860,Receivables,9949110,High
C000377,L000532,B00818,Real Estate,17698078,Medium
C000378,L000912,B00866,Vehicles,74652,Medium
C000379,L000643,B00256,Equipment,1122094,Medium
C000380,L000159,B00281,Plant,275995,Low
C000381,L001116,B00960,Receivables,3230188,Medium
C000382,L000082,B00897,Plant,400126,Medium
C000383,L000431,B00763,Vehicles,442303,Medium
C000384,L000723,B00711,Receivables,429445,High
C000385,L001012,B00098,Receivables,1392931,High
C000386,L001190,B00387,Inventory,1717270,High
C000387,L001247,B00175,Plant,746670,Medium
C000388,L000800,B00178,Equipment,1212305,High
C000389,L001127,B00601,Equipment,188906,Medium
C000390,L001128,B00468,Receivables,1183924,High
C000391,L000421,B00014,Receivables,2001994,High
C000392,L000319,B00437,Real Estate,2367960,Medium
C000393,L000817,B00109,Real Estate,3291406,High
C000394,L001216,B00021,Vehicles,827896,Medium
C000395,L000370,B00092,Real Estate,469791,Low
C000396,L001368,B00737,Receivables,4030044,High
C000397,L000684,B00784,Solar Panels,51744,High
C000398,L001120,B00638,Real Estate,79356,High
C000399,L001162,B00687,Solar Panels,173534,Medium
C000400,L001072,B00548,Solar Panels,834329,High
C000401,L001343,B00005,Plant,1641919,Medium
C000402,L001047,B00283,Plant,73647,High
C000403,L000055,B00057,Solar Panels,455960,Medium
C000404,L000015,B00612,Vehicles,1985989,High
C000405,L001558,B00051,Plant,5127709,Low
C000406,L000076,B00865,Plant,292951,High
C000407,L000932,B00400,Receivables,1014841,High
C000408,L000986,B00376,Plant,196086,High
C000409,L001137,B00306,Equipment,55055490,High
C000410,L001243,B00963,Equipment,5350858,High
C000411,L001447,B00312,Receivables,9376442,Medium
C000412,L000895,B00170,Solar Panels,2055930,High
C000413,L000931,B00903,Real Estate,24946,High
C000414,L000648,B00421,Real Estate,1881491,High
C000415,L000672,B00210,Vehicles,1904640,Medium
C000416,L000848,B00586,Plant,371285,Medium
C000417,L001495,B00639,Plant,833764,High
C000418,L000392,B00503,Inventory,27473,High
C000419,L000914,B00565,Real Estate,76709,Medium
C000420,L000906,B00590,Equipment,459698,Medium
C000421,L001569,B00342,Equipment,1072844,Medium
C000422,L001348,B00836,Equipment,3271356,High
C000423,L000675,B00533,Inventory,117296,Medium
C000424,L001396,B00900,Plant,1925824,Medium
C000425,L000902,B00156,Solar Panels,1227887,Low
C000426,L000733,B00262,Equipment,1629208,Medium
C000427,L001075,B00817,Vehicles,390057,Medium
C000428,L001384,B00319,Solar Panels,494204,High
C000429,L000561,B00588,Solar Panels,189838,Medium
C000430,L000540,B00640,Real Estate,297417,High
C000431,L001043,B00217,Receivables,5521320,High
C000432,L000157,B00370,Inventory,5000,High
C000433,L000990,B00286,Real Estate,150332,Medium
C000434,L001437,B00912,Real Estate,145424,Medium
C000435,L000465,B00236,Solar Panels,509173,Medium
C000436,L000101,B00538,Equipment,126458,High
C000437,L000910,B00170,Real Estate,2890208,High
C000438,L001537,B00676,Vehicles,668656,Medium
C000439,L001094,B00619,Receivables,4939315,High
C000440,L000077,B00977,Receivables,121674,Medium
C000441,L000923,B00609,Receivables,65258,High
C000442,L000110,B00723,Plant,5434362,Low
C000443,L000476,B00391,Solar Panels,353356,Low
C000444,L001286,B00815,Inventory,1122831,High
C000445,L001050,B00499,Inventory,675729,High
C000446,L000969,B00792,Receivables,818954,Medium
C000447,L000051,B00206,Plant,945514,Low
C000448,L000867,B00738,Solar Panels,244052,Low
C000449,L000611,B00685,Plant,806122,High
C000450,L000885,B00442,Equipment,1274319,Low
C000451,L001256,B00750,Inventory,1330126,Medium
C000452,L001554,B00990,Vehicles,250115,Medium
C000453,L000427,B00194,Plant,425152,High
C000454,L001193,B00156,Vehicles,825221,High
C000455,L001447,B00312,Equipment,4331169,Medium
C000456,L001441,B00452,Solar Panels,6966705,High
C000457,L000900,B00408,Equipment,162754,High
C000458,L000806,B00461,Receivables,294935,Medium
C000459,L000427,B00194,Solar Panels,520662,High
C000460,L001157,B00862,Plant,411984,High
C000461,L001146,B00444,Inventory,451614,Low
C000462,L001356,B00153,Inventory,1803616,Medium
C000463,L000465,B00236,Equipment,5000,High
C000464,L000186,B00353,Vehicles,966150,Low
C000465,L001509,B00530,Inventory,151735,High
C000466,L000711,B00696,Solar Panels,5000,Medium
C000467,L001101,B00036,Equipment,503046,Medium
C000468,L000797,B00639,Real Estate,138540,Low
C000469,L000425,B00508,Inventory,230472,High
C000470,L000788,B00690,Plant,164855,Medium
C000471,L000522,B00688,Vehicles,713723,High
C000472,L000251,B00200,Inventory,656575,Medium
C000473,L001173,B00103,Inventory,113468,Medium
C000474,L001332,B00862,Real Estate,495088,Low
C000475,L000998,B00718,Inventory,454198,Medium
C000476,L001249,B00759,Real Estate,1002481,High
C000477,L000906,B00590,Real Estate,312835,High
C000478,L000331,B00885,Equipment,467130,High
C000479,L001361,B00408,Real Estate,149974,High
C000480,L001131,B00035,Real Estate,132004,Medium
C000481,L000588,B00406,Real Estate,85054,High
C000482,L001564,B00684,Inventory,168715,Medium
C000483,L001368,B00737,Vehicles,2801235,High
C000484,L000120,B00829,Solar Panels,621493,Medium
C000485,L001152,B00035,Equipment,1343105,Medium
C000486,L000922,B00103,Inventory,48443,High
C000487,L000264,B00975,Receivables,550742,Medium
C000488,L000257,B00332,Receivables,79021,High
C000489,L001361,B00408,Solar Panels,168697,Low
C000490,L000413,B00428,Plant,793572,Low
C000491,L000311,B00286,Vehicles,74391,Low
C000492,L001300,B00522,Inventory,967371,Low
C000493,L001535,B00412,Real Estate,96997,Medium
C000494,L001323,B00844,Receivables,5053190,High
C000495,L000384,B00679,Real Estate,748571,Medium
C000496,L000387,B00893,Vehicles,76700,High
C000497,L000942,B00293,Real Estate,1594413,Medium
C000498,L000774,B00676,Vehicles,402992,High
C000499,L000160,B00768,Real Estate,1680953,High
C000500,L000642,B00398,Solar Panels,80229,High
C000501,L000493,B00750,Inventory,5000,High
C000502,L000066,B00308,Equipment,15499,Medium
C000503,L000263,B00877,Equipment,817939,Medium
C000504,L000451,B00063,Inventory,13382077,Medium
C000505,L001115,B00396,Real Estate,411692,High
C000506,L000428,B00651,Solar Panels,187689,High
C000507,L000868,B00105,Receivables,2871872,High
C000508,L000863,B00862,Vehicles,371775,High
C000509,L001517,B00833,Real Estate,10848636,High
C000510,L000927,B00988,Receivables,2541857,High
C000511,L000307,B00996,Solar Panels,934019,High
C000512,L000827,B00311,Real Estate,1104329,High
C000513,L000056,B00494,Receivables,33878722,High
C000514,L000503,B00733,Plant,1587902,Low
C000515,L000129,B00851,Vehicles,1926357,High
C000516,L000810,B00044,Inventory,408288,High
C000517,L000630,B00880,Equipment,1203119,Low
C000518,L000772,B00415,Plant,379381,High
C000519,L001126,B00193,Vehicles,17147,High
C000520,L001540,B00861,Equipment,519629,High
C000521,L000137,B00275,Receivables,9220959,Medium
C000522,L001537,B00676,Inventory,1122318,Medium
C000523,L001317,B00953,Vehicles,339201,Low
C000524,L001298,B00593,Inventory,2378118,High
C000525,L001553,B00538,Equipment,51949,Medium
C000526,L000996,B00762,Solar Panels,643280,High
C000527,L000539,B00803,Plant,193519,High
C000528,L001245,B00242,Real Estate,260149,High
C000529,L001122,B00580,Inventory,4291867,High
C000530,L000367,B00659,Solar Panels,189283,Medium
C000531,L000704,B00087,Real Estate,129432,Medium
C000532,L000427,B00194,Plant,410847,Low
C000533,L000556,B00636,Plant,1263786,High
C000534,L001400,B00266,Inventory,348375,Low
C000535,L000818,B00313,Vehicles,195684,High
C000536,L001093,B00132,Receivables,1279779,High
C000537,L000002,B00499,Inventory,102634,Medium
C000538,L000494,B00768,Equipment,811741,High
C000539,L000740,B00032,Inventory,2864825,High
C000540,L001514,B00188,Solar Panels,1193861,High
C000541,L001407,B00048,Vehicles,771265,High
C000542,L000406,B00104,Equipment,1327902,High
C000543,L000235,B00582,Inventory,779771,Medium
C000544,L001205,B00764,Vehicles,2001875,Medium
C000545,L000956,B00314,Receivables,398549,Medium
C000546,L000438,B00346,Real Estate,4044243,High
C000547,L001410,B00431,Real Estate,388549,High
C000548,L001195,B00107,Inventory,1684029,High
C000549,L000903,B00365,Vehicles,1252118,Medium
C000550,L000871,B00440,Real Estate,1237287,Medium
C000551,L000107,B00734,Solar Panels,375646,Medium
C000552,L000766,B00759,Receivables,959092,High
C000553,L000205,B00433,Solar Panels,717054,Medium
C000554,L000984,B00288,Equipment,686260,High
C000555,L000423,B00764,Receivables,7296521,High
C000556,L000189,B00601,Real Estate,154865,High
C000557,L000888,B00517,Vehicles,561954,Medium
C000558,L000350,B00339,Solar Panels,34144,High
C000559,L000031,B00834,Vehicles,5412059,Medium
C000560,L000159,B00281,Receivables,157421,Medium
C000561,L000093,B00152,Receivables,271292,Medium
C000562,L001293,B00387,Receivables,1536441,High
C000563,L000617,B00174,Equipment,1065454,High
C000564,L000931,B00903,Plant,30448,High
C000565,L001316,B00221,Receivables,1534021,Medium
C000566,L000005,B00997,Equipment,1143560,Low
C000567,L001185,B00425,Solar Panels,1928372,High
C000568,L001478,B00569,Real Estate,1229605,High
C000569,L000540,B00640,Equipment,73299,Medium
C000570,L000402,B00801,Real Estate,1402809,High
C000571,L000109,B00344,Equipment,943234,High
C000572,L000379,B00924,Receivables,274108,High
C000573,L000687,B00362,Solar Panels,487477,Medium
C000574,L000687,B00362,Solar Panels,641010,High
C000575,L000669,B00169,Plant,21441,High
C000576,L000591,B00137,Solar Panels,1309400,High
C000577,L000593,B00041,Plant,1219486,High
C000578,L000827,B00311,Vehicles,1053098,Medium
C000579,L000212,B00572,Inventory,61536,High
C000580,L000655,B00883,Solar Panels,252878,Medium
C000581,L000291,B00641,Real Estate,328340,High
C000582,L000823,B00392,Vehicles,1347032,Low
C000583,L000422,B00339,Plant,57839,Medium
C000584,L000289,B00822,Equipment,673109,High
C000585,L000280,B00674,Inventory,130371,High
C000586,L000655,B00883,Equipment,403144,Low
C000587,L001203,B00609,Equipment,30763,High
C000588,L000361,B00791,Real Estate,114113,High
C000589,L000287,B00660,Solar Panels,33761,High
C000590,L001359,B00635,Solar Panels,1370224,Medium
C000591,L000095,B00025,Plant,271832,High
C000592,L001553,B00538,Equipment,82802,High
C000593,L000629,B00349,Equipment,433147,High
C000594,L000207,B00250,Equipment,7580453,High
C000595,L000357,B00063,Inventory,138164,High
C000596,L000776,B00468,Real Estate,3812259,Medium
C000597,L000325,B00605,Equipment,35270,Medium
C000598,L000521,B00231,Inventory,106601,Medium
C000599,L000844,B00750,Solar Panels,77220,High
C000600,L000259,B00314,Equipment,525540,High
C000601,L001026,B00439,Vehicles,57576147,High
C000602,L000611,B00685,Receivables,513565,High
C000603,L000011,B00608,Equipment,4635437,High
C000604,L001049,B00641,Vehicles,698013,High
C000605,L000549,B00322,Equipment,289638,Medium
C000606,L001495,B00639,Plant,494661,Medium
C000607,L000731,B00055,Equipment,63387,High
C000608,L000930,B00877,Solar Panels,1085585,Medium
C000609,L001281,B00130,Plant,41433,Medium
C000610,L000567,B00605,Solar Panels,57873,Medium
C000611,L001305,B00415,Solar Panels,147193,High
C000612,L001274,B00949,Vehicles,610216,Medium
C000613,L000730,B00755,Vehicles,59417,Medium
C000614,L000189,B00601,Inventory,399547,Medium
C000615,L000786,B00699,Vehicles,180547,High
C000616,L000681,B00268,Receivables,38939,Medium
C000617,L000548,B00382,Vehicles,579490,Medium
C000618,L000799,B00315,Equipment,2874197,High
C000619,L000505,B00692,Plant,586058,Medium
C000620,L000125,B00340,Receivables,177373,Low
C000621,L000853,B00002,Inventory,20567,High
C000622,L000969,B00792,Plant,1198216,Low
C000623,L000449,B00229,Equipment,2236139,High
C000624,L001192,B00548,Solar Panels,288780,High
C000625,L000591,B00137,Vehicles,559167,Medium
C000626,L000555,B00880,Plant,5000,High
C000627,L001474,B00282,Inventory,229249,Medium
C000628,L000693,B00804,Equipment,33970263,Medium
C000629,L001432,B00659,Solar Panels,52955,Medium
C000630,L000836,B00519,Equipment,148061,Medium
C000631,L001569,B00342,Receivables,384556,Medium
C000632,L000695,B00976,Solar Panels,871676,High
C000633,L000594,B00631,Equipment,630240,Low
C000634,L001449,B00373,Plant,104956,Low
C000635,L001012,B00098,Receivables,1232837,High
C000636,L000212,B00572,Inventory,52934,Medium
C000637,L000321,B00108,Solar Panels,19779,Medium
C000638,L001321,B00798,Solar Panels,111421,Low
C000639,L000403,B00499,Solar Panels,290384,Medium
C000640,L000460,B00559,Inventory,599773,High
C000641,L001351,B00317,Inventory,260323,High
C000642,L000673,B00008,Receivables,1047180,Medium
C000643,L000505,B00692,Solar Panels,761667,Medium
C000644,L000846,B00413,Plant,117643,High
C000645,L001497,B00177,Receivables,583777,High
C000646,L001159,B00772,Vehicles,58007,Medium
C000647,L000485,B00373,Receivables,487687,Medium
C000648,L001555,B00971,Receivables,1300963,Medium
C000649,L000159,B00281,Vehicles,150500,High
C000650,L000460,B00559,Solar Panels,1740644,Low
C000651,L000171,B00232,Real Estate,821375,High
C000652,L001056,B00610,Solar Panels,4039999,High
C000653,L000946,B00702,Real Estate,824925,High
C000654,L000048,B00842,Vehicles,814226,Medium
C000655,L000971,B00048,Equipment,623560,High
C000656,L000966,B00567,Solar Panels,1507702,High
C000657,L000009,B00009,Real Estate,57170,High
C000658,L001257,B00720,Vehicles,2113850,Medium
C000659,L001135,B00982,Solar Panels,487721,High
C000660,L000287,B00660,Vehicles,43676,Medium
C000661,L001176,B00613,Equipment,1080681,High
C000662,L000251,B00200,Inventory,394363,High
C000663,L000403,B00499,Receivables,468593,Medium
C000664,L000906,B00590,Vehicles,5000,High
C000665,L001316,B00221,Inventory,912517,Medium
C000666,L001534,B00526,Receivables,1889823,Low
C000667,L001297,B00138,Equipment,3214550,High
C000668,L001439,B00798,Inventory,102898,High
C000669,L000831,B00869,Equipment,74785,Low
C000670,L000392,B00503,Receivables,238062,High
C000671,L000285,B00521,Solar Panels,1531791,Low
C000672,L001206,B00199,Solar Panels,2678950,Low
C000673,L000024,B00210,Equipment,3536716,High
C000674,L001173,B00103,Inventory,265764,Medium
C000675,L001362,B00025,Real Estate,67097,Low
C000676,L000225,B00670,Equipment,378998,Medium
C000677,L001439,B00798,Vehicles,50723,Medium
C000678,L001162,B00687,Vehicles,101447,High
C000679,L000840,B00585,Vehicles,189302,Low
C000680,L000053,B00073,Vehicles,1247764,Medium
C000681,L001128,B00468,Equipment,1488813,High
C000682,L000452,B00839,Receivables,88192,High
C000683,L000215,B00323,Vehicles,22693435,High
C000684,L000717,B00377,Plant,1779557,Medium
C000685,L000057,B00121,Real Estate,403975,High
C000686,L001472,B00392,Equipment,4845856,Medium
C000687,L000558,B00798,Solar Panels,213672,Medium
C000688,L001560,B00051,Plant,37014915,High
C000689,L000464,B00297,Equipment,522276,High
C000690,L000557,B00828,Equipment,500339,Medium
C000691,L001364,B00360,Vehicles,1839206,Medium
C000692,L001346,B00758,Plant,79203,High
C000693,L001405,B00887,Inventory,821924,Medium
C000694,L000206,B00444,Inventory,256703,High
C000695,L001154,B00406,Receivables,426628,Medium
C000696,L000544,B00471,Real Estate,195398,Medium
C000697,L000146,B00232,Plant,1094274,High
C000698,L001230,B00011,Equipment,157256,High
C000699,L000515,B00560,Receivables,316194,High
C000700,L000821,B00329,Real Estate,507912,Low
C000701,L001185,B00425,Solar Panels,711757,Medium
C000702,L001358,B00164,Solar Panels,1094658,High
C000703,L000052,B00064,Real Estate,262328,Medium
C000704,L001344,B00978,Equipment,2080316,Low
C000705,L000080,B00879,Equipment,6752845,Medium
C000706,L000855,B00958,Plant,40747,High
C000707,L000244,B00338,Vehicles,174618,Low
C000708,L000068,B00033,Solar Panels,294728,Low
C000709,L001272,B00147,Receivables,26633,High
C000710,L000598,B00038,Equipment,659730,High
C000711,L000411,B00694,Inventory,1038819,Medium
C000712,L001522,B00522,Inventory,1794999,High
C000713,L000535,B00128,Equipment,275129,Low
C000714,L000430,B00506,Inventory,97324,High
C000715,L000872,B00688,Real Estate,2533174,Medium
C000716,L001159,B00772,Solar Panels,64132,High
C000717,L001212,B00769,Real Estate,35669,High
C000718,L001114,B00677,Vehicles,1016900,High
C000719,L000664,B00263,Plant,16256284,Medium
C000720,L001438,B00074,Real Estate,643377,Medium
C000721,L000238,B00872,Equipment,209239,Low
C000722,L001445,B00397,Real Estate,1605084,Medium
C000723,L000634,B00218,Plant,573442,Medium
C000724,L000278,B00670,Inventory,1430278,Low
C000725,L001371,B00397,Plant,3382971,High
C000726,L001067,B00682,Receivables,867621,Medium
C000727,L000181,B00923,Inventory,1771613,High
C000728,L000272,B00525,Plant,1137571,Medium
C000729,L001295,B00420,Inventory,110898,High
C000730,L000993,B00965,Solar Panels,4589531,High
C000731,L001245,B00242,Equipment,118078,Low
C000732,L000976,B00471,Plant,3729985,Medium
C000733,L001006,B00735,Vehicles,86065,High
C000734,L000878,B00717,Equipment,26599,Medium
C000735,L000490,B00350,Receivables,22192,Medium
C000736,L000164,B00858,Real Estate,143864,Low
C000737,L001023,B00556,Inventory,628060,Medium
C000738,L000228,B00619,Solar Panels,3197959,Low
C000739,L000251,B00200,Plant,200126,Medium
C000740,L000587,B00032,Equipment,933590,High
C000741,L000311,B00286,Real Estate,67045,High
C000742,L000099,B00604,Real Estate,761939,Medium
C000743,L000169,B00084,Inventory,303763,High
C000744,L000106,B00289,Vehicles,142303,Medium
C000745,L000888,B00517,Solar Panels,316766,High
C000746,L000137,B00275,Vehicles,28146180,Medium
C000747,L000706,B00513,Inventory,243595,High
C000748,L000662,B00079,Equipment,117797,Medium
C000749,L001018,B00348,Solar Panels,32198,High
C000750,L000154,B00729,Real Estate,1188183,High
C000751,L000745,B00353,Inventory,3369172,Medium
C000752,L000134,B00319,Solar Panels,627335,Medium
C000753,L001112,B00848,Receivables,650234,Medium
C000754,L000566,B00025,Receivables,217951,Medium
C000755,L000736,B00653,Vehicles,699850,High
C000756,L000579,B00068,Receivables,18457,Medium
C000757,L001225,B00605,Equipment,41308,Low
C000758,L000063,B00107,Inventory,491342,High
C000759,L001288,B00008,Solar Panels,243182,Medium
C000760,L000887,B00098,Vehicles,1441529,High
C000761,L001359,B00635,Vehicles,525613,High
C000762,L000746,B00703,Plant,1269561,Medium
C000763,L000299,B00274,Plant,583598,Low
C000764,L000919,B00866,Solar Panels,169280,Medium
C000765,L000934,B00927,Equipment,857022,High
C000766,L000273,B00589,Plant,381162,Medium
C000767,L000830,B00268,Inventory,15741,High
C000768,L000784,B00589,Plant,443893,High
C000769,L000047,B00802,Solar Panels,250029,High
C000770,L000603,B00725,Plant,215205,Low
C000771,L000563,B00502,Real Estate,29844214,Medium
C000772,L000011,B00608,Plant,5274184,High
C000773,L001328,B00385,Vehicles,93383,Low
C000774,L000534,B00278,Real Estate,11692853,Medium
C000775,L001049,B00641,Vehicles,1706610,Medium
C000776,L000211,B00295,Real Estate,652091,High
C000777,L001307,B00191,Plant,11627324,High
C000778,L001109,B00982,Receivables,656748,High
C000779,L000557,B00828,Plant,576724,Medium
C000780,L000996,B00762,Equipment,619466,Medium
C000781,L000016,B00427,Vehicles,267873,High
C000782,L000394,B00377,Receivables,204077,Medium
C000783,L000250,B00499,Inventory,575454,Low
C000784,L001351,B00317,Equipment,159749,High
C000785,L000293,B00162,Receivables,337104,High
C000786,L000359,B00880,Receivables,439177,High
C000787,L000027,B00455,Receivables,296199,High
C000788,L000670,B00843,Plant,921323,High
C000789,L000395,B00555,Inventory,892422,Low
C000790,L001211,B00496,Receivables,12756,High
C000791,L000003,B00878,Inventory,327627,High
C000792,L001488,B00851,Plant,58719,Medium
C000793,L000927,B00988,Receivables,5097269,Medium
C000794,L000468,B00201,Inventory,4082796,Low
C000795,L000209,B00695,Solar Panels,288156,High
C000796,L000505,B00692,Inventory,650800,Medium
C000797,L000644,B00416,Equipment,1058241,High
C000798,L000908,B00895,Equipment,135103,High
C000799,L001318,B00425,Receivables,414106,Medium
C000800,L000016,B00427,Plant,295612,Low
C000801,L000593,B00041,Real Estate,3572210,Medium
C000802,L001362,B00025,Inventory,139256,Low
C000803,L001140,B00271,Real Estate,533007,Medium
C000804,L000952,B00438,Receivables,558428,High
C000805,L000262,B00438,Receivables,1782137,High
C000806,L000150,B00803,Real Estate,209641,Low
C000807,L000210,B00282,Receivables,332078,High
C000808,L001459,B00138,Inventory,606036,High
C000809,L000159,B00281,Receivables,225484,High
C000810,L001555,B00971,Equipment,1486758,Medium
C000811,L001046,B00069,Plant,328683,Low
C000812,L001344,B00978,Inventory,3071447,High
C000813,L001139,B00968,Vehicles,618016,Medium
C000814,L000590,B00554,Solar Panels,8342106,Low
C000815,L000264,B00975,Receivables,292190,High
C000816,L000175,B00093,Solar Panels,26639136,Medium
C000817,L001138,B00313,Receivables,124141,High
C000818,L000790,B00654,Equipment,174614,Medium
C000819,L001020,B00237,Receivables,537518,Medium
C000820,L000052,B00064,Solar Panels,137089,Low
C000821,L000952,B00438,Receivables,767681,Medium
C000822,L000237,B00762,Solar Panels,681263,High
C000823,L000455,B00465,Plant,234748,Medium
C000824,L001486,B00973,Solar Panels,2341720,High
C000825,L000491,B00844,Plant,490876,Medium
C000826,L001222,B00097,Receivables,950359,High
C000827,L000680,B00052,Receivables,5517321,High
C000828,L000706,B00513,Vehicles,60870,Medium
C000829,L001214,B00735,Receivables,90943,High
C000830,L001574,B00612,Real Estate,1120534,Medium
C000831,L000570,B00932,Equipment,28391,Medium
C000832,L001509,B00530,Real Estate,136108,Medium
C000833,L001235,B00567,Vehicles,829469,Medium
C000834,L000101,B00538,Solar Panels,134512,High
C000835,L000314,B00827,Receivables,183950,Medium
C000836,L001113,B00669,Vehicles,2300408,High
C000837,L000137,B00275,Solar Panels,10109585,High
C000838,L000680,B00052,Vehicles,440628,Medium
C000839,L000479,B00955,Vehicles,1654747,Medium
C000840,L000761,B00389,Vehicles,162329,Low
C000841,L000170,B00756,Vehicles,8972538,High
C000842,L000910,B00170,Vehicles,3827422,High
C000843,L000457,B00628,Vehicles,156845,Medium
C000844,L000142,B00298,Inventory,351279,Medium
C000845,L001131,B00035,Real Estate,510162,High
C000846,L000451,B00063,Solar Panels,5970893,High
C000847,L000575,B00580,Equipment,2592118,Medium
C000848,L000817,B00109,Receivables,487680,Medium
C000849,L001312,B00284,Receivables,225349,Medium
C000850,L000606,B00630,Inventory,225597,High
C000851,L001022,B00961,Plant,34195,Low
C000852,L000662,B00079,Plant,424921,Low
C000853,L000019,B00028,Receivables,5000,High
C000854,L000378,B00405,Equipment,534622,Medium
C000855,L000514,B00897,Equipment,1048923,High
C000856,L001050,B00499,Real Estate,558504,Medium
C000857,L000561,B00588,Real Estate,32197,Medium
C000858,L000259,B00314,Inventory,313080,High
C000859,L000678,B00896,Inventory,150802,High
C000860,L000816,B00378,Receivables,1104960,High
C000861,L001095,B00169,Inventory,80709,High
C000862,L000578,B00582,Plant,1134623,Low
C000863,L000059,B00822,Vehicles,252907,High
C000864,L001022,B00961,Receivables,160610,Medium
C000865,L000031,B00834,Equipment,3572005,High
C000866,L000756,B00569,Vehicles,2068966,High
C000867,L001563,B00606,Equipment,1296054,High
C000868,L000296,B00490,Receivables,510202,Medium
C000869,L001384,B00319,Receivables,689168,High
C000870,L000372,B00698,Equipment,311332,Medium
C000871,L000660,B00863,Solar Panels,1086313,Medium
C000872,L000286,B00969,Receivables,8866272,High
C000873,L000095,B00025,Inventory,622225,High
C000874,L000287,B00660,Receivables,27998,High
C000875,L000377,B00844,Solar Panels,1221074,Medium
C000876,L000186,B00353,Vehicles,508475,High
C000877,L000995,B00475,Inventory,393973,Low
C000878,L001230,B00011,Equipment,304345,Medium
C000879,L000055,B00057,Inventory,504566,High
C000880,L000951,B00069,Receivables,26673,Low
C000881,L000363,B00618,Real Estate,1366449,High
C000882,L000494,B00768,Receivables,1290701,High
C000883,L000832,B00253,Vehicles,198269,Medium
C000884,L000973,B00002,Plant,738541,Low
C000885,L000011,B00608,Vehicles,2883314,High
C000886,L000259,B00314,Plant,416220,High
C000887,L000068,B00033,Equipment,151686,High
C000888,L000473,B00186,Receivables,368157,High
C000889,L000093,B00152,Inventory,192694,Medium
C000890,L000734,B00640,Real Estate,209381,High
C000891,L000093,B00152,Vehicles,5000,High
C000892,L001199,B00223,Real Estate,249495,High
C000893,L000491,B00844,Solar Panels,666247,High
C000894,L000766,B00759,Receivables,607612,High
C000895,L001238,B00100,Vehicles,4927737,High
C000896,L000127,B00279,Real Estate,376422,High
C000897,L000045,B00509,Equipment,383668,Medium
C000898,L001328,B00385,Inventory,143546,High
C000899,L000772,B00415,Equipment,331171,High
C000900,L000698,B00066,Vehicles,784405,Medium
C000901,L001387,B00942,Inventory,5354219,Medium
C000902,L000132,B00251,Receivables,771827,Medium
C000903,L000725,B00702,Receivables,856774,High
C000904,L001490,B00434,Vehicles,592974,Medium
C000905,L001274,B00949,Plant,772859,Low
C000906,L000465,B00236,Real Estate,721327,High
C000907,L000705,B00544,Solar Panels,1163430,Medium
C000908,L000445,B00716,Equipment,344951,Medium
C000909,L000170,B00756,Vehicles,9497516,Medium
C000910,L000960,B00116,Vehicles,286921,Low
C000911,L001095,B00169,Plant,47182,High
C000912,L000679,B00405,Vehicles,1444025,High
C000913,L001504,B00856,Inventory,4207904,Medium
C000914,L000910,B00170,Real Estate,4281508,Medium
C000915,L000243,B00861,Receivables,103386,High
C000916,L001551,B00619,Inventory,3160727,High
C000917,L001259,B00895,Solar Panels,15016,Low
C000918,L000165,B00177,Solar Panels,150174,Medium
C000919,L001022,B00961,Vehicles,127872,Low
C000920,L001458,B00901,Vehicles,5384543,High
C000921,L000706,B00513,Equipment,177996,Medium
C000922,L001328,B00385,Plant,130679,High
C000923,L000257,B00332,Real Estate,514227,Medium
C000924,L000328,B00027,Receivables,28858,High
C000925,L001435,B00034,Solar Panels,4765648,High
C000926,L001122,B00580,Real Estate,3182803,High
C000927,L000152,B00513,Plant,177704,Medium
C000928,L000123,B00093,Equipment,4949040,High
C000929,L000142,B00298,Solar Panels,166380,High
C000930,L000980,B00573,Solar Panels,284217,Medium
C000931,L000905,B00902,Real Estate,262032,High
C000932,L000979,B00023,Solar Panels,3055706,High
C000933,L000687,B00362,Equipment,1073918,High
C000934,L000407,B00576,Solar Panels,1171828,Medium
C000935,L001105,B00725,Inventory,408708,Medium
C000936,L000147,B00314,Plant,513655,High
C000937,L001303,B00785,Receivables,203455,Medium
C000938,L001326,B00148,Receivables,553305,High
C000939,L000452,B00839,Vehicles,80352,High
C000940,L000586,B00167,Plant,1279819,High
C000941,L000639,B00107,Equipment,14351218,High
C000942,L000060,B00045,Solar Panels,252744,High
C000943,L000690,B00614,Plant,202016,Low
C000944,L001167,B00300,Plant,508470,Medium
C000945,L001428,B00461,Equipment,614134,Low
C000946,L001440,B00424,Solar Panels,1117681,High
C000947,L000294,B00426,Inventory,14269,High
C000948,L001228,B00868,Solar Panels,1561561,Medium
C000949,L000779,B00257,Vehicles,1548708,Medium
C000950,L000260,B00006,Vehicles,36880,Medium
C000951,L001097,B00353,Solar Panels,490629,High
C000952,L001006,B00735,Solar Panels,60966,Medium
C000953,L001399,B00125,Vehicles,219241,High
C000954,L001168,B00560,Real Estate,195827,Low
C000955,L000699,B00695,Equipment,272835,Low
C000956,L000286,B00969,Real Estate,21709395,High
C000957,L000563,B00502,Solar Panels,22202465,Low
C000958,L000795,B00401,Plant,1710199,High
C000959,L001435,B00034,Vehicles,10296355,High
C000960,L000377,B00844,Vehicles,357491,High
C000961,L000452,B00839,Plant,8301,Low
C000962,L000131,B00386,Plant,143224,High
C000963,L000375,B00400,Inventory,455755,High
C000964,L000708,B00939,Equipment,494939,Low
C000965,L000510,B00506,Vehicles,189839,Low
C000966,L000749,B00684,Solar Panels,175795,High
C000967,L001539,B00395,Vehicles,385554,Medium
C000968,L000842,B00670,Inventory,1750147,Medium
C000969,L001048,B00740,Inventory,388082,Medium
C000970,L000328,B00027,Equipment,26229,High
C000971,L001184,B00264,Inventory,936854,Medium
C000972,L000247,B00195,Real Estate,195252,High
C000973,L001281,B00130,Equipment,20114,High
C000974,L000847,B00678,Receivables,2559747,High
C000975,L001163,B00490,Vehicles,216427,High
C000976,L001094,B00619,Inventory,14203204,Low
C000977,L000293,B00162,Plant,239873,Medium
C000978,L000864,B00788,Plant,5000,High
C000979,L000917,B00519,Vehicles,197497,Medium
C000980,L000368,B00446,Receivables,76895,Low
C000981,L001515,B00630,Inventory,150866,Medium
C000982,L001258,B00237,Vehicles,1264545,Medium
C000983,L000442,B00440,Inventory,833357,Medium
C000984,L000552,B00262,Plant,523455,High
C000985,L000269,B00717,Receivables,131886,High
C000986,L000896,B00687,Plant,132784,Medium
C000987,L000761,B00389,Real Estate,134833,High
C000988,L000402,B00801,Inventory,1335798,Low
C000989,L000946,B00702,Receivables,1076682,Low
C000990,L001413,B00577,Plant,2966810,Medium
C000991,L001495,B00639,Solar Panels,478874,High
C000992,L000707,B00705,Vehicles,602104,Medium
C000993,L000950,B00759,Plant,804654,Low
C000994,L000766,B00759,Real Estate,1398191,Low
C000995,L000597,B00411,Solar Panels,2130563,Medium
C000996,L000940,B00971,Real Estate,909249,High
C000997,L001331,B00392,Receivables,3831298,Medium
C000998,L000192,B00841,Inventory,226134,Medium
C000999,L001394,B00525,Plant,651808,Low
C001000,L000295,B00922,Plant,959432,High
C001001,L000911,B00440,Solar Panels,565085,Medium
C001002,L000320,B00614,Solar Panels,2986117,High
C001003,L001163,B00490,Solar Panels,252091,Medium
C001004,L000649,B00193,Real Estate,46940,Medium
C001005,L000809,B00991,Vehicles,145528,High
C001006,L001495,B00639,Vehicles,506095,High
C001007,L000404,B00891,Vehicles,61848,Medium
C001008,L001375,B00321,Equipment,917799,Medium
C001009,L001066,B00173,Vehicles,3962686,High
C001010,L000232,B00128,Real Estate,302773,Low
C001011,L000311,B00286,Real Estate,149804,Medium
C001012,L000101,B00538,Solar Panels,131443,Medium
C001013,L000599,B00789,Receivables,894004,Low
C001014,L000260,B00006,Vehicles,67688,Medium
C001015,L001113,B00669,Equipment,2344573,High
C001016,L001542,B00658,Equipment,1353230,High
C001017,L000925,B00442,Solar Panels,547423,Medium
C001018,L000047,B00802,Plant,428604,Medium
C001019,L001416,B00453,Receivables,306683,Medium
C001020,L001022,B00961,Solar Panels,105420,Medium
C001021,L000176,B00647,Solar Panels,35205,High
C001022,L000018,B00730,Plant,7457320,High
C001023,L001387,B00942,Inventory,6104479,Medium
C001024,L000586,B00167,Vehicles,1115678,Low
C001025,L001228,B00868,Equipment,1070800,High
C001026,L000759,B00322,Vehicles,939674,High
C001027,L001465,B00235,Plant,22076330,High
C001028,L000385,B00974,Equipment,81767,High
C001029,L000757,B00579,Plant,6784544,Low
C001030,L001155,B00725,Equipment,88846,High
C001031,L001338,B00236,Plant,614848,High
C001032,L000222,B00930,Inventory,158377,High
C001033,L000225,B00670,Vehicles,375207,High
C001034,L001087,B00918,Solar Panels,993879218,Medium
C001035,L001451,B00244,Solar Panels,447585,High
C001036,L000100,B00329,Equipment,109892,Low
C001037,L001503,B00967,Receivables,366661,Medium
C001038,L001552,B00581,Solar Panels,954510,Medium
C001039,L000586,B00167,Inventory,867849,Medium
C001040,L000126,B00408,Inventory,107792,High
C001041,L000496,B00416,Real Estate,80197,High
C001042,L000789,B00187,Receivables,102877,High
C001043,L001408,B00398,Equipment,34803,Medium
C001044,L000392,B00503,Receivables,399712,Medium
C001045,L000212,B00572,Inventory,52999,Medium
C001046,L000445,B00716,Vehicles,457455,High
C001047,L000655,B00883,Inventory,57474,Medium
C001048,L000404,B00891,Real Estate,14961,Medium
C001049,L000025,B00319,Real Estate,1020549,Low
C001050,L001058,B00905,Inventory,907918,High
C001051,L000917,B00519,Real Estate,298740,Medium
C001052,L000924,B00943,Receivables,895780,High
C001053,L000187,B00782,Receivables,2493777,High
C001054,L000948,B00200,Plant,374716,Low
C001055,L000211,B00295,Vehicles,815019,Low
C001056,L001080,B00945,Solar Panels,402486,Medium
C001057,L001441,B00452,Equipment,4328031,Medium
C001058,L000211,B00295,Vehicles,683096,High
C001059,L000750,B00782,Receivables,2006728,Low
C001060,L000869,B00544,Plant,432563,Medium
C001061,L000866,B00044,Real Estate,938330,High
C001062,L001170,B00943,Vehicles,657738,Medium
C001063,L000790,B00654,Vehicles,90972,High
C001064,L001508,B00414,Solar Panels,30058,Medium
C001065,L001360,B00072,Equipment,1120412,High
C001066,L000135,B00086,Vehicles,575576,Low
C001067,L001474,B00282,Inventory,857669,Low
C001068,L000682,B00809,Receivables,581523,High
C001069,L000389,B00330,Inventory,934485,High
C001070,L001105,B00725,Real Estate,227835,Medium
C001071,L000865,B00568,Inventory,158246,High
C001072,L000308,B00018,Receivables,4226476,High
C001073,L000747,B00197,Equipment,605084,Low
C001074,L001185,B00425,Solar Panels,936521,Medium
C001075,L001559,B00195,Receivables,308507,High
C001076,L000327,B00588,Vehicles,1092900,High
C001077,L000291,B00641,Real Estate,432345,Medium
C001078,L001435,B00034,Vehicles,7383005,High
C001079,L000089,B00767,Real Estate,560466,Medium
C001080,L001105,B00725,Plant,218472,High
C001081,L000872,B00688,Vehicles,601530,Medium
C001082,L001239,B00584,Plant,517485,High
C001083,L000415,B00768,Real Estate,1472664,High
C001084,L001056,B00610,Inventory,3293130,High
C001085,L000947,B00069,Equipment,77717,Medium
C001086,L000787,B00370,Vehicles,437628,Medium
C001087,L001326,B00148,Equipment,5000,High
C001088,L000143,B00959,Solar Panels,8886764,High
C001089,L001513,B00682,Solar Panels,750928,High
C001090,L000656,B00110,Equipment,1567842,Low
C001091,L000760,B00082,Inventory,858827,High
C001092,L000489,B00462,Real Estate,269338,Medium
C001093,L000957,B00461,Plant,182229,High
C001094,L000016,B00427,Receivables,419961,Low
C001095,L000967,B00806,Equipment,685155,Low
C001096,L000017,B00385,Solar Panels,873825,Medium
C001097,L000459,B00963,Receivables,5911333,Low
C001098,L000342,B00869,Vehicles,39495,Medium
C001099,L000961,B00177,Vehicles,285127,Low
C001100,L001548,B00798,Real Estate,537009,High
C001101,L001557,B00382,Receivables,132363,High
C001102,L000654,B00394,Equipment,232674,Medium
C001103,L000985,B00343,Solar Panels,695581,Medium
C001104,L000799,B00315,Equipment,2534446,High
C001105,L001235,B00567,Real Estate,423148,High
C001106,L000170,B00756,Equipment,8856691,High
C001107,L000290,B00532,Solar Panels,1408009,Low
C001108,L000289,B00822,Equipment,1228751,High
C001109,L000595,B00267,Vehicles,186853,High
C001110,L001389,B00160,Real Estate,36261283,High
C001111,L001349,B00251,Vehicles,277006,Medium
C001112,L001417,B00270,Solar Panels,30635,High
C001113,L000962,B00836,Real Estate,824900,Medium
C001114,L001458,B00901,Vehicles,4203356,Low
C001115,L001389,B00160,Receivables,22205563,Medium
C001116,L000973,B00002,Real Estate,1359653,High
C001117,L001454,B00906,Receivables,1605111,High
C001118,L000817,B00109,Vehicles,2357242,Medium
C001119,L000833,B00335,Inventory,51977,High
C001120,L001249,B00759,Solar Panels,1179910,Medium
C001121,L001074,B00798,Plant,332257,High
C001122,L000589,B00613,Plant,1084371,High
C001123,L000036,B00621,Receivables,557165,Medium
C001124,L000312,B00140,Equipment,675953,Low
C001125,L000577,B00013,Equipment,1688803,Low
C001126,L000778,B00975,Solar Panels,142749,Medium
C001127,L000402,B00801,Plant,1658196,Medium
C001128,L000411,B00694,Solar Panels,1457210,High
C001129,L000181,B00923,Receivables,1189258,High
C001130,L000530,B00531,Equipment,1949565,Low
C001131,L001441,B00452,Real Estate,3154168,Medium
C001132,L000742,B00776,Solar Panels,3052275,High
C001133,L001376,B00561,Equipment,217368,High
C001134,L001562,B00122,Real Estate,274485,High
C001135,L001312,B00284,Receivables,233286,High
C001136,L000674,B00162,Real Estate,342259,Medium
C001137,L000197,B00082,Real Estate,301129,High
C001138,L001452,B00161,Plant,135536,Low
C001139,L000859,B00881,Real Estate,5023576,High
C001140,L000067,B00394,Equipment,744033,High
C001141,L001148,B00403,Receivables,249948,Medium
C001142,L001371,B00397,Inventory,2692321,Medium
C001143,L000689,B00782,Receivables,219283,Medium
C001144,L001140,B00271,Plant,632273,High
C001145,L000653,B00277,Inventory,215068,Medium
C001146,L001462,B00406,Equipment,87305,High
C001147,L000183,B00134,Receivables,1508615,High
C001148,L000581,B00681,Receivables,122836,High
C001149,L001168,B00560,Real Estate,194509,Medium
C001150,L000788,B00690,Equipment,490850,Low
C001151,L001456,B00167,Receivables,205483,Low
C001152,L001298,B00593,Vehicles,3644899,Low
C001153,L001391,B00644,Plant,800501,High
C001154,L000320,B00614,Real Estate,632658,Low
C001155,L000188,B00840,Vehicles,113914,Medium
C001156,L001347,B00863,Vehicles,503080,High
C001157,L000300,B00036,Plant,464255,Medium
C001158,L000636,B00900,Vehicles,51648,Medium
C001159,L000541,B00951,Plant,112309,Low
C001160,L000341,B00022,Solar Panels,11976800,Medium
C001161,L000264,B00975,Inventory,665979,High
C001162,L000071,B00961,Solar Panels,82574,Low
C001163,L001384,B00319,Solar Panels,438797,High
C001164,L001119,B00823,Vehicles,341900,Medium
C001165,L000177,B00035,Inventory,1326687,Medium
C001166,L000773,B00861,Plant,95637,High
C001167,L000177,B00035,Receivables,1063390,High
C001168,L001569,B00342,Inventory,795166,High
C001169,L000294,B00426,Vehicles,179399,Low
C001170,L000821,B00329,Solar Panels,222654,High
C001171,L000117,B00458,Solar Panels,218626,Medium
C001172,L000406,B00104,Equipment,340129,High
C001173,L000862,B00380,Plant,2634933,Medium
C001174,L000445,B00716,Vehicles,248447,Medium
C001175,L001562,B00122,Plant,886798,Low
C001176,L000027,B00455,Real Estate,561372,Low
C001177,L000117,B00458,Solar Panels,295584,High
C001178,L000108,B00750,Receivables,615487,Medium
C001179,L001206,B00199,Equipment,5984392,High
C001180,L000909,B00255,Receivables,416600,High
C001181,L000008,B00855,Plant,358894,Low
C001182,L001089,B00897,Real Estate,242931,High
C001183,L001319,B00348,Equipment,361689,High
C001184,L000571,B00957,Real Estate,153788,High
C001185,L001230,B00011,Plant,447597,High
C001186,L001399,B00125,Real Estate,933394,Medium
C001187,L000472,B00912,Real Estate,278438,Low
C001188,L001447,B00312,Equipment,9574161,Medium
C001189,L000855,B00958,Vehicles,12678,High
C001190,L000856,B00028,Vehicles,192566,High
C001191,L001317,B00953,Real Estate,547412,Medium
C001192,L000169,B00084,Equipment,412432,Low
C001193,L001382,B00101,Solar Panels,706853,High
C001194,L000137,B00275,Inventory,8712604,Low
C001195,L001559,B00195,Receivables,281290,High
C001196,L000940,B00971,Solar Panels,1557900,Low
C001197,L000938,B00542,Plant,789780,High
C001198,L000712,B00876,Solar Panels,162681,High
C001199,L000181,B00923,Real Estate,574316,Low
C001200,L001395,B00394,Receivables,188689,Low
C001201,L001382,B00101,Plant,691206,Medium
C001202,L000018,B00730,Plant,8496472,Medium
C001203,L001019,B00133,Equipment,10553941,Medium
C001204,L001268,B00018,Receivables,6489829,High
C001205,L000286,B00969,Real Estate,18655408,Medium
C001206,L000256,B00514,Solar Panels,914881,High
C001207,L001367,B00873,Vehicles,5000,Medium
C001208,L000972,B00403,Vehicles,505928,Medium
C001209,L000730,B00755,Solar Panels,134604,High
C001210,L001492,B00096,Real Estate,5401612,High
C001211,L000995,B00475,Vehicles,390019,Medium
C001212,L000202,B00149,Receivables,150418,Medium
C001213,L000816,B00378,Plant,475936,Low
C001214,L001348,B00836,Receivables,4349167,Medium
C001215,L000444,B00705,Vehicles,61642,Low
C001216,L000886,B00109,Receivables,1216996,Medium
C001217,L001362,B00025,Solar Panels,97168,High
C001218,L000180,B00259,Solar Panels,74326,Medium
C001219,L001311,B00659,Equipment,227213,Medium
C001220,L000823,B00392,Equipment,2205802,Medium
C001221,L000377,B00844,Vehicles,488222,High
C001222,L000910,B00170,Receivables,2251216,Medium
C001223,L001055,B00049,Real Estate,596979,Medium
C001224,L001409,B00239,Equipment,9003065,High
C001225,L000814,B00871,Real Estate,2230714,Low
C001226,L000666,B00780,Equipment,1743081,High
C001227,L001313,B00262,Receivables,422770,Medium
C001228,L001463,B00876,Receivables,120059,Low
C001229,L000002,B00499,Vehicles,5000,High
C001230,L001196,B00313,Equipment,78228,Medium
C001231,L001159,B00772,Receivables,11580,High
C001232,L000663,B00757,Inventory,770573,Medium
C001233,L000984,B00288,Vehicles,1534609,High
C001234,L000661,B00879,Receivables,2678311,Medium
C001235,L000779,B00257,Inventory,2916773,High
C001236,L000385,B00974,Receivables,103890,High
C001237,L001520,B00454,Receivables,238164,High
C001238,L000061,B00079,Real Estate,297503,Low
C001239,L000596,B00681,Real Estate,3971209,Medium
C001240,L000224,B00171,Plant,830532,High
C001241,L000989,B00409,Receivables,61435,Medium
C001242,L001171,B00325,Real Estate,91451,Low
C001243,L000285,B00521,Receivables,4653849,Low
C001244,L000722,B00646,Plant,202136,High
C001245,L000191,B00310,Receivables,1857389,Medium
C001246,L000165,B00177,Solar Panels,153707,High
C001247,L000632,B00417,Receivables,296159,High
C001248,L000115,B00496,Plant,82156,Medium
C001249,L000090,B00518,Real Estate,2836107,Medium
C001250,L000377,B00844,Inventory,400869,High
C001251,L001442,B00981,Solar Panels,95020,High
C001252,L000916,B00552,Receivables,4866180,Medium
C001253,L001007,B00234,Inventory,5000,Medium
C001254,L000102,B00968,Solar Panels,6577985,High
C001255,L000035,B00144,Plant,1967440,High
C001256,L000402,B00801,Real Estate,2514210,High
C001257,L001498,B00274,Equipment,656891,High
C001258,L000028,B00560,Real Estate,139797,Medium
C001259,L000802,B00659,Plant,111096,Medium
C001260,L001011,B00615,Inventory,170393,High
C001261,L001545,B00584,Real Estate,1133945,High
C001262,L001318,B00425,Receivables,12674624,High
C001263,L000372,B00698,Equipment,177105,High
C001264,L000388,B00059,Vehicles,1018787,Medium
C001265,L000244,B00338,Solar Panels,148819,Medium
C001266,L000788,B00690,Equipment,174430,Low
C001267,L000028,B00560,Plant,157502,Low
C001268,L001309,B00138,Equipment,4875836,High
C001269,L000279,B00186,Plant,1103664,High
C001270,L000354,B00972,Vehicles,223826,Medium
C001271,L000868,B00105,Equipment,4963441,High
C001272,L001176,B00613,Vehicles,1161445,High
C001273,L000962,B00836,Plant,610698,Medium
C001274,L000591,B00137,Real Estate,1001927,Medium
C001275,L000669,B00169,Vehicles,36860,Low
C001276,L001414,B00688,Real Estate,729769,Medium
C001277,L001562,B00122,Inventory,1600596,High
C001278,L001359,B00635,Receivables,1076127,High
C001279,L000836,B00519,Solar Panels,84791,Medium
C001280,L001016,B00778,Inventory,2483098,High
C001281,L000780,B00567,Receivables,5000,Low
C001282,L000427,B00194,Inventory,660807,Medium
C001283,L000519,B00102,Inventory,4086524,High
C001284,L000677,B00949,Solar Panels,75797,High
C001285,L000780,B00567,Solar Panels,1148962,High
C001286,L001125,B00964,Receivables,66890,Medium
C001287,L000858,B00063,Inventory,18859487,Low
C001288,L001053,B00225,Equipment,486680,Medium
C001289,L000549,B00322,Receivables,657794,High
C001290,L000608,B00202,Receivables,21314,Medium
C001291,L000469,B00668,Solar Panels,340147,Low
C001292,L000724,B00057,Solar Panels,413654,Medium
C001293,L000879,B00804,Solar Panels,4736839,High
C001294,L000853,B00002,Plant,81368,Medium
C001295,L000890,B00951,Vehicles,292976,Medium
C001296,L001061,B00430,Inventory,278700,High
C001297,L000061,B00079,Plant,356294,Medium
C001298,L000944,B00699,Vehicles,244206,High
C001299,L000965,B00303,Real Estate,298280,Low
C001300,L001248,B00295,Inventory,186978,High
C001301,L001333,B00549,Vehicles,13975207,Medium
C001302,L001250,B00798,Receivables,793281,High
C001303,L001329,B00946,Inventory,265980,High
C001304,L001493,B00295,Vehicles,273741,Low
C001305,L001415,B00446,Inventory,45095,Low
C001306,L000065,B00716,Inventory,241981,High
C001307,L001483,B00269,Plant,5210683,High
C001308,L000123,B00093,Inventory,6156434,Low
C001309,L000066,B00308,Receivables,22360,High
C001310,L000552,B00262,Vehicles,550005,Medium
C001311,L001501,B00705,Plant,110170,High
C001312,L000938,B00542,Equipment,216175,High
C001313,L001553,B00538,Receivables,26840,Medium
C001314,L001162,B00687,Real Estate,251024,Medium
C001315,L000916,B00552,Equipment,3628125,Low
C001316,L001004,B00263,Equipment,8249153,Medium
C001317,L001209,B00547,Inventory,77001,High
C001318,L000708,B00939,Solar Panels,832570,Medium
C001319,L001405,B00887,Real Estate,149018,High
C001320,L000059,B00822,Real Estate,443390,High
C001321,L000687,B00362,Receivables,285234,Low
C001322,L000226,B00730,Inventory,18094799,High
C001323,L000272,B00525,Solar Panels,715819,Medium
C001324,L000010,B00167,Inventory,268652,Low
C001325,L000048,B00842,Solar Panels,1536325,High
C001326,L001152,B00035,Real Estate,529432,High
C001327,L000704,B00087,Equipment,151327,Low
C001328,L000286,B00969,Vehicles,8718160,Medium
C001329,L001401,B00635,Solar Panels,515088,Medium
C001330,L000477,B00382,Plant,556959,High
C001331,L001007,B00234,Receivables,23627222,Low
C001332,L001554,B00990,Inventory,253421,High
C001333,L001478,B00569,Solar Panels,2753527,Low
C001334,L000229,B00694,Equipment,3178308,High
C001335,L000723,B00711,Receivables,195466,High
C001336,L000342,B00869,Vehicles,49133,High
C001337,L000944,B00699,Plant,300660,High
C001338,L001130,B00608,Vehicles,2211210,Medium
C001339,L000779,B00257,Equipment,5249419,Medium
C001340,L000705,B00544,Real Estate,229247,Medium
C001341,L001073,B00869,Inventory,170990,Medium
C001342,L001083,B00219,Equipment,7638386,Medium
C001343,L001387,B00942,Inventory,2821381,High
C001344,L000701,B00107,Real Estate,5267400,High
C001345,L001550,B00156,Vehicles,1946811,Low
C001346,L001237,B00910,Plant,850349,Low
C001347,L000166,B00858,Receivables,265537,High
C001348,L000193,B00085,Real Estate,121654,Medium
C001349,L000624,B00443,Inventory,1030280,Medium
C001350,L000641,B00795,Plant,22388911,Medium
C001351,L001411,B00126,Vehicles,702524,Medium
C001352,L001567,B00848,Vehicles,617405,High
C001353,L000382,B00481,Receivables,28840,Medium
C001354,L000852,B00868,Vehicles,9136663,High
C001355,L000906,B00590,Inventory,559891,High
C001356,L000288,B00255,Plant,25976,High
C001357,L000651,B00145,Plant,4333367,Medium
C001358,L000867,B00738,Solar Panels,277614,Medium
C001359,L001531,B00117,Equipment,65297,Medium
C001360,L000528,B00546,Real Estate,98673,High
C001361,L000869,B00544,Real Estate,449495,Medium
C001362,L001077,B00928,Real Estate,1499885,Medium
C001363,L001342,B00386,Vehicles,1827519,High
C001364,L000029,B00190,Receivables,429756,Medium
C001365,L000122,B00992,Vehicles,531433,Medium
C001366,L000172,B00502,Receivables,1476705,Medium
C001367,L000493,B00750,Real Estate,115335,Medium
C001368,L000482,B00983,Receivables,183199,Medium
C001369,L000152,B00513,Vehicles,164202,Medium
C001370,L000122,B00992,Inventory,84470,High
C001371,L001459,B00138,Inventory,1284395,Medium
C001372,L001209,B00547,Receivables,150402,High
C001373,L000257,B00332,Solar Panels,508702,Medium
C001374,L000858,B00063,Vehicles,19687280,High
C001375,L000205,B00433,Equipment,550656,Low
C001376,L000441,B00823,Inventory,161157,Medium
C001377,L001088,B00116,Receivables,1612734,Medium
C001378,L000079,B00594,Inventory,159901,Medium
C001379,L000186,B00353,Solar Panels,826867,High
C001380,L000312,B00140,Real Estate,5009105,High
C001381,L001245,B00242,Plant,139473,High
C001382,L000610,B00946,Inventory,1007615,High
C001383,L001392,B00484,Equipment,481094,Medium
C001384,L001480,B00194,Equipment,214934,High
C001385,L000523,B00491,Equipment,1641039,Medium
C001386,L001572,B00202,Inventory,67004,High
C001387,L000956,B00314,Equipment,294925,Medium
C001388,L000131,B00386,Real Estate,187749,Medium
C001389,L000600,B00685,Receivables,835431,High
C001390,L000585,B00506,Solar Panels,124579,High
C001391,L000175,B00093,Receivables,34863789,Low
C001392,L000416,B00588,Solar Panels,528592,High
C001393,L000893,B00863,Receivables,6645631,High
C001394,L000174,B00831,Real Estate,172525,Medium
C001395,L000322,B00683,Solar Panels,650503,Low
C001396,L000991,B00907,Vehicles,681309,High
C001397,L001316,B00221,Real Estate,2230431,High
C001398,L000836,B00519,Equipment,128778,Medium
C001399,L000235,B00582,Solar Panels,666904,Low
C001400,L001239,B00584,Equipment,361363,High
C001401,L000696,B00887,Plant,265952,High
C001402,L000926,B00886,Equipment,28425,Low
C001403,L001043,B00217,Real Estate,3433646,Medium
C001404,L000290,B00532,Solar Panels,1102351,Medium
C001405,L001523,B00158,Real Estate,126679,Medium
C001406,L001002,B00790,Equipment,62870,Medium
C001407,L000319,B00437,Equipment,4464561,High
C001408,L001127,B00601,Equipment,333560,High
C001409,L000155,B00922,Plant,649106,High
C001410,L000447,B00394,Solar Panels,233534,Medium
C001411,L000992,B00706,Real Estate,360757,Medium
C001412,L000736,B00653,Equipment,715627,Medium
C001413,L001398,B00455,Vehicles,353979,Medium
C001414,L000906,B00590,Solar Panels,371800,High
C001415,L001219,B00941,Solar Panels,618656,Medium
C001416,L001493,B00295,Real Estate,485641,High
C001417,L000403,B00499,Real Estate,309121,High
C001418,L000651,B00145,Real Estate,7054,High
C001419,L000364,B00685,Real Estate,1742662,High
C001420,L001324,B00561,Vehicles,615963,Medium
C001421,L001067,B00682,Equipment,300031,Medium
C001422,L001137,B00306,Receivables,28224743,High
C001423,L000437,B00155,Solar Panels,282636,Low
C001424,L001307,B00191,Inventory,4988100,Low
C001425,L000349,B00613,Receivables,1548591,High
C001426,L000819,B00426,Vehicles,1012454,Medium
C001427,L000097,B00632,Equipment,652863,Medium
C001428,L000098,B00759,Inventory,87923,High
C001429,L001473,B00098,Plant,1601428,High
C001430,L000836,B00519,Solar Panels,77786,Medium
C001431,L001392,B00484,Inventory,1655580,High
C001432,L000141,B00446,Receivables,209723,Medium
C001433,L000300,B00036,Equipment,522190,Medium
C001434,L001110,B00672,Receivables,570276,High
C001435,L000155,B00922,Equipment,459795,Medium
C001436,L001362,B00025,Equipment,117918,High
C001437,L000147,B00314,Real Estate,175399,Low
C001438,L000643,B00256,Real Estate,1362284,High
C001439,L000576,B00148,Vehicles,245280,High
C001440,L001118,B00739,Inventory,18646,High
C001441,L000006,B00281,Real Estate,85164,High
C001442,L001347,B00863,Receivables,492900,High
C001443,L000484,B00577,Equipment,3551589,High
C001444,L001127,B00601,Solar Panels,247902,High
C001445,L001498,B00274,Real Estate,630437,Low
C001446,L001377,B00770,Vehicles,280942,Medium
C001447,L001483,B00269,Plant,4674619,Medium
C001448,L000456,B00378,Vehicles,5591098,Medium
C001449,L000487,B00479,Receivables,2950344,Medium
C001450,L001368,B00737,Solar Panels,5839057,High
C001451,L001437,B00912,Vehicles,107633,Low
C001452,L001512,B00254,Vehicles,3821615,Medium
C001453,L000955,B00552,Solar Panels,458455,Medium
C001454,L001447,B00312,Inventory,6191906,Medium
C001455,L000878,B00717,Vehicles,32162,High
C001456,L000088,B00857,Real Estate,1952051,High
C001457,L000166,B00858,Inventory,164303,Medium
C001458,L000205,B00433,Plant,333288,High
C001459,L000971,B00048,Real Estate,474458,Medium
C001460,L000889,B00749,Equipment,1494235,High
C001461,L000748,B00279,Plant,48545,Medium
C001462,L001340,B00171,Solar Panels,102543,Medium
C001463,L001243,B00963,Inventory,7819904,High
C001464,L000444,B00705,Vehicles,25875,High
C001465,L000761,B00389,Real Estate,135966,Medium
C001466,L001197,B00510,Plant,428966,High
C001467,L000543,B00759,Plant,551645,Medium
C001468,L000741,B00622,Inventory,176511,Low
C001469,L000861,B00930,Receivables,70484,Medium
C001470,L001264,B00509,Vehicles,416381,High
C001471,L000798,B00722,Plant,263785,High
C001472,L000382,B00481,Vehicles,21775,High
C001473,L000161,B00754,Equipment,1258681,High
C001474,L001504,B00856,Solar Panels,3382192,Medium
C001475,L001410,B00431,Plant,508032,Medium
C001476,L001025,B00035,Vehicles,3258077,Medium
C001477,L000872,B00688,Equipment,2408995,Medium
C001478,L000821,B00329,Real Estate,339496,High
C001479,L000823,B00392,Plant,963641,Medium
C001480,L000903,B00365,Receivables,424703,High
C001481,L000052,B00064,Inventory,432126,High
C001482,L000425,B00508,Vehicles,672750,High
C001483,L001116,B00960,Plant,1607181,Low
C001484,L000979,B00023,Solar Panels,7532667,High
C001485,L000096,B00412,Equipment,160308,Medium
C001486,L000446,B00625,Solar Panels,713162,Medium
C001487,L001470,B00514,Plant,919342,Low
C001488,L001367,B00873,Vehicles,81363,Low
C001489,L000619,B00874,Inventory,301637,Medium
C001490,L000781,B00770,Equipment,916127,Medium
C001491,L000420,B00182,Solar Panels,2210676,High
C001492,L000608,B00202,Solar Panels,5000,High
C001493,L000937,B00654,Vehicles,98250,Medium
C001494,L001402,B00899,Inventory,208153,High
C001495,L001375,B00321,Real Estate,3354562,High
C001496,L000606,B00630,Receivables,113896,High
C001497,L001231,B00176,Vehicles,100550,Low
C001498,L001510,B00113,Vehicles,260724,High
C001499,L000852,B00868,Inventory,2865060,Medium
C001500,L000513,B00433,Vehicles,56208,High
C001501,L001104,B00986,Receivables,6361394,High
C001502,L001046,B00069,Vehicles,200297,Low
C001503,L000444,B00705,Vehicles,23210,Medium
C001504,L000474,B00170,Real Estate,1303200,High
C001505,L001109,B00982,Equipment,5000,Medium
C001506,L001236,B00049,Solar Panels,737670,High
C001507,L001493,B00295,Equipment,105519,Medium
C001508,L000162,B00064,Plant,22649,High
C001509,L000371,B00395,Solar Panels,1665183,Low
C001510,L001448,B00464,Receivables,383112,High
C001511,L001319,B00348,Equipment,325441,Medium
C001512,L000119,B00221,Vehicles,3568028,High
C001513,L000457,B00628,Inventory,151022,High
C001514,L000542,B00990,Real Estate,708228,High
C001515,L001405,B00887,Equipment,2153171,Medium
C001516,L000168,B00606,Receivables,2970501,Medium
C001517,L000263,B00877,Receivables,897440,High
C001518,L000983,B00304,Real Estate,1802861,Medium
C001519,L000042,B00293,Real Estate,628471,Medium
C001520,L000915,B00860,Solar Panels,7929981,Medium
C001521,L000821,B00329,Solar Panels,98303,High
C001522,L000984,B00288,Inventory,5000,Medium
C001523,L001077,B00928,Receivables,1800835,Medium
C001524,L001490,B00434,Receivables,373434,Medium
C001525,L001181,B00208,Vehicles,881821,Low
C001526,L001192,B00548,Receivables,690664,High
C001527,L001230,B00011,Real Estate,525206,High
C001528,L000277,B00231,Real Estate,1158904,Medium
C001529,L000227,B00473,Inventory,299994,Medium
C001530,L000839,B00588,Plant,294415,High
C001531,L000856,B00028,Inventory,1020370,Medium
C001532,L000195,B00311,Receivables,846521,Medium
C001533,L001358,B00164,Real Estate,311481,Low
C001534,L000020,B00595,Vehicles,6983785,High
C001535,L000433,B00308,Solar Panels,47948,Medium
C001536,L001448,B00464,Inventory,1289544,High
C001537,L000499,B00398,Real Estate,461409,Low
C001538,L000410,B00970,Plant,449561,High
C001539,L001222,B00097,Vehicles,397313,Low
C001540,L000751,B00844,Plant,6645956,High
C001541,L000365,B00414,Solar Panels,181755,Low
C001542,L000849,B00682,Real Estate,3434523,High
C001543,L000625,B00069,Receivables,291913,High
C001544,L001000,B00879,Receivables,22864430,Medium
C001545,L000182,B00168,Receivables,1308261,Medium
C001546,L000433,B00308,Receivables,13744,Low
C001547,L001456,B00167,Receivables,389537,Medium
C001548,L001199,B00223,Real Estate,99386,High
C001549,L000342,B00869,Solar Panels,36337,High
C001550,L001564,B00684,Equipment,125410,Medium
C001551,L000027,B00455,Vehicles,279250,High
C001552,L001012,B00098,Inventory,1926581,High
C001553,L001400,B00266,Solar Panels,91295,High
C001554,L000797,B00639,Equipment,349431,Medium
C001555,L001416,B00453,Equipment,215888,High
C001556,L000247,B00195,Plant,333399,Medium
C001557,L000158,B00014,Vehicles,2686503,Medium
C001558,L001080,B00945,Inventory,340571,High
C001559,L000076,B00865,Plant,481954,Medium
C001560,L000636,B00900,Solar Panels,163636,Medium
C001561,L000116,B00646,Equipment,45305,Medium
C001562,L000335,B00331,Receivables,1866234,High
C001563,L000606,B00630,Inventory,184459,Medium
C001564,L000682,B00809,Receivables,493566,High
C001565,L001424,B00542,Vehicles,1522973,Low
C001566,L000481,B00031,Solar Panels,14392140,Medium
C001567,L001201,B00545,Receivables,452907,Medium
C001568,L000254,B00522,Equipment,870705,Medium
C001569,L000571,B00957,Solar Panels,289869,High
C001570,L001295,B00420,Equipment,217410,High
C001571,L000660,B00863,Plant,662296,Low
C001572,L000701,B00107,Real Estate,5039934,High
C001573,L000558,B00798,Real Estate,163848,Medium
C001574,L001435,B00034,Solar Panels,9859585,High
C001575,L001143,B00063,Real Estate,10264525,Medium
C001576,L000521,B00231,Plant,573007,Medium
C001577,L000863,B00862,Equipment,297507,Low
C001578,L000218,B00886,Plant,533318,Medium
C001579,L000374,B00706,Solar Panels,619005,High
C001580,L000077,B00977,Real Estate,165365,Medium
C001581,L000810,B00044,Equipment,274328,Medium
C001582,L000535,B00128,Inventory,196384,High
C001583,L000426,B00520,Solar Panels,735207,Medium
C001584,L000516,B00574,Inventory,774711,High
C001585,L000643,B00256,Vehicles,892257,High
C001586,L000108,B00750,Receivables,333068,High
C001587,L000964,B00942,Receivables,1434846,High
C001588,L001355,B00933,Solar Panels,224128,High
C001589,L001274,B00949,Real Estate,218676,Medium
C001590,L000878,B00717,Solar Panels,29555,Medium
C001591,L000743,B00924,Plant,706943,Medium
C001592,L000952,B00438,Equipment,1206262,Medium
C001593,L001494,B00489,Real Estate,577967,Medium
C001594,L001535,B00412,Receivables,72568,Medium
C001595,L000361,B00791,Solar Panels,121411,High
C001596,L000991,B00907,Solar Panels,620516,Medium
C001597,L000386,B00970,Inventory,372594,Medium
C001598,L001558,B00051,Real Estate,12806783,High
C001599,L001041,B00981,Real Estate,140544,High
C001600,L000423,B00764,Equipment,5017756,Low
C001601,L000964,B00942,Equipment,2853243,Low
C001602,L000928,B00897,Real Estate,137931,Medium
C001603,L000279,B00186,Real Estate,1630309,Medium
C001604,L000464,B00297,Solar Panels,754133,High
C001605,L000023,B00708,Solar Panels,801644,Low
C001606,L000626,B00378,Equipment,715397,Medium
C001607,L001324,B00561,Equipment,795888,Medium
C001608,L000554,B00163,Real Estate,72183,Medium
C001609,L001076,B00878,Plant,1002961,Medium
C001610,L000471,B00908,Plant,48455,Medium
C001611,L000844,B00750,Solar Panels,507508,Low
C001612,L000379,B00924,Solar Panels,167790,High
C001613,L000641,B00795,Inventory,35393571,Low
C001614,L000193,B00085,Receivables,215528,High
C001615,L000635,B00935,Inventory,107226,High
C001616,L000608,B00202,Plant,47503,Low
C001617,L000555,B00880,Equipment,2674890,Medium
C001618,L001369,B00985,Real Estate,278424,High
C001619,L000573,B00414,Equipment,110991,Medium
C001620,L001545,B00584,Inventory,938202,High
C001621,L001231,B00176,Inventory,101387,High
C001622,L000719,B00859,Solar Panels,2697580,Low
C001623,L000187,B00782,Real Estate,2360457,Medium
C001624,L001055,B00049,Vehicles,435272,Medium
C001625,L000689,B00782,Vehicles,193309,Low
